,num_fotos,ano_de_fabricacao,ano_modelo,hodometro,num_portas,veiculo_alienado,preco
count,29407.0,29584.0,29584.0,29584.0,29584.0,0.0,29584.0
mean,10.323834461182711,2016.7585519199567,2017.8089845862628,58430.59207679827,3.9406773931855055,,133023.87988039522
std,3.4873344956942076,4.062422107409976,2.673930199334696,32561.76930909199,0.3383602707473497,,81662.87224670789
min,8.0,1985.0,1997.0,100.0,2.0,,9869.950645135155
25%,8.0,2015.0,2016.0,31214.0,4.0,,76571.76846241235
50%,8.0,2018.0,2018.0,57434.0,4.0,,114355.79699828094
75%,14.0,2019.0,2020.0,81953.5,4.0,,163679.61742549602
max,21.0,2022.0,2023.0,390065.0,4.0,,1359812.8923094273
